Source,Target
Marilyn31682963,nytimes
Raedimus,bikesnobnyc
zobarth,ntdillon
EthanPierse,Uber
EthanPierse,UberFR
EthanPierse,jump_rides
Guill_DS,Jamal_ELH
MarvinBeyster,le_Parisien
gecko39,gecko39
gecko39,CitiBikeNYC
SofiaCovaci,lemondefr
GMeckstroth,JSadikKhan
Josh_CLE,JSadikKhan
Dpelz,ntdillon
Bertrand_Lamour,le_Parisien
tech_vius,computerhoy
gillibits,HalfonJesse
murphmonkey,HalfonJesse
expansioncom,exp_edigital
expansioncom,mrtjuste
c_siggaard,JSadikKhan
AlbertAlain66,lemondefr
jmklopp1,JSadikKhan
irwinsol,JSadikKhan
Andres4Seattle,verge
AAARPGodess,ABC7NY
StreetsblogNYC,CitiBikeNYC
BarbarabeckBeck,nytimes
pitdesi,ntdillon
HHunterciclista,biocorsario
HHunterciclista,jump_rides
HHunterciclista,Uber_ES
HHunterciclista,elpais_economia
davewu,ntdillon
eric_ulrich,CitiBikeNYC
partialobs,mnolangray
partialobs,googlemaps
ParkingQueens,ShabazzStuart
ParkingQueens,LAShepard221
ParkingQueens,ooneepod
ParkingQueens,CitiBikeNYC
MobilityUrban,Uber
AngelSanBlas95,TecnoLocura
BrouilletteBeau,nytimes
pierrebaptiste_,AnneLaureBanse
ralf_kowollik,AnneLaureBanse
DeresaHughes,1okhooker
contemporesque,nicoles
contemporesque,FordGoBike
vinbarone,dahvnyc
erikgullberg,vinbarone
mazqui,JSadikKhan
rishmishra,dmitry140
hongdav2,JSadikKhan
MrGrillet,ntdillon
sherry_lea,JSadikKhan
gecko39,CitiBikeNYC
alexgrcya,JSadikKhan
jjrchrds,JSadikKhan
RethinkNYCplan,JSadikKhan
coopervz,ntdillon
CitiBikeNYC,CitiBikeNYC
JustynaGlusman,JSadikKhan
EMcLeod_BFB,jump_rides
call_me_tomasso,ReggieVaitz
sam171,michalnaka
moodylonerphile,klnynews
moodylonerphile,NYDailyNews
Ruben_Sardon,Madridiario
Ruben_Sardon,Uber_ES
z_brand,klnynews
z_brand,NYDailyNews
lloyedlobo,ntdillon
_Cinderstory,TheCousinSal
JGats_,Uber_Support
techmeerkat,JSadikKhan
benoit_gregory,SebCompagnon
JasmineBager,CrainsNewYork
artz5145,JSadikKhan
itsjameskerz,Uber
scootercomedy,T0ny_T0Ni_T0ne
greenfuzz,sethmpk
ParkingQueens,StreetsblogNYC
ParkingQueens,NYCMayor
ParkingQueens,Julcuba
LeaksUberCabify,AVRetiroNorte
LeaksUberCabify,Uber_ES
LeaksUberCabify,jump_rides
Solgamar2,AVRetiroNorte
Solgamar2,Uber_ES
Solgamar2,jump_rides
Bullesdeflo,ClaireCaminati
alicekorngold,JSadikKhan
radkapital,ntdillon
quemero20,nypost
JSMyersRaleigh,JSadikKhan
lolcats95,JSadikKhan
macartney,dahvnyc
agustinronda9,jhernanper
CreativeNewman,Uber_Support
CreativeNewman,jump_rides
RhonaHutchinson,expansioncom
Marychristelle8,TransportsIDF
akeemadedimeji,elpaisinenglish
PrashantPansare,ntdillon
NicolasMarier,CitiBikeNYC
valentinaac2508,ReasonWhy
Iamcamren,BlackMaeWest
Iamcamren,itswalela
Iamcamren,Uber
NY1weather,NY1
nancysoria626,JSadikKhan
Mm_Vucic,JSadikKhan
KalmanYeger,klnynews
KalmanYeger,NYDailyNews
MooreToTheStory,CNBC
realsshrestha,jump_rides
realsshrestha,NellePierson
phaparicio,CamaraLisboa
phaparicio,Uber
Elarkidelbarrio,fernandograham
AltenhofenYYC,JSadikKhan
haileygraf,CrainsNewYork
patricksaxton,srahrman
klnynews,NYDailyNews
lethargilistic,andyjayhawk
tranportforum,RobertJ_Martin
Ric9871Ric,Ric9871Ric
raquellins,JSadikKhan
ebikermag,MinetaTrans
j3nny89,NCTsmtown_127
hbbtruth,vinbarone
MC4you,Jamal_ELH
MC4you,journaldunet
MooreToTheStory,nytimes
atlantabike,JSadikKhan
jeremie_clos,UberFR
bajwafresh,ntdillon
DJDharmaNYC,CitiBikeNYC
SufroMadrid,AVRetiroNorte
SufroMadrid,Uber_ES
SufroMadrid,jump_rides
thisdell,YokohamaRides
PedestrianTom,CitiBikeNYC
BaquetoHenry,CitiBikeNYC
markb,JSadikKhan
morpheoush9,Uber
CarolForden,andyjayhawk
BCCletts,Como_uk
BCCletts,carltonreid
BCCletts,talloplanic
BCCletts,pashleycycles
BCCletts,nextbike
BCCletts,KineticsGlasgow
PoPville,tuckerhimself
PoPville,jump_rides
PoPville,Uber
JRK_Media,Uber
JRK_Media,jump_rides
MookieFantana,TheCousinSal
FrasierSein,elpaisinenglish
Makleiber,France3Paris
BarmanNYC,JSadikKhan
cormerap,15marches
ChrisPLavelle,JSadikKhan
Azi,klnynews
Azi,NYDailyNews
TerraSetzler,klnynews
TerraSetzler,NYDailyNews
benoit_gregory,PaulineDucamp
bikemamadelphia,JWPascale
sokane1,verge
VCerulloNYC,JSadikKhan
Lucillett,IsabelleRnrd
Lucillett,CB_News
EdgarOlaiz,JSadikKhan
AVRetiroNorte,Uber_ES
AVRetiroNorte,jump_rides
dc_holy_qc,wtopclabaugh
dc_holy_qc,DDOTDC
dc_holy_qc,Uber
dc_holy_qc,jump_rides
dc_holy_qc,amaxsmith
dc_holy_qc,WTOP
Cat_Zakrzewski,faizsays
BikesharingMap,jump_rides
UrbanSlowLife,bikesnobnyc
_Claragb,abc_es
rosnow,ikaikahussey
rosnow,asymco
rosnow,edsonedge
RLCar34,AVRetiroNorte
jpowerj,Econ_Marshall
DobrevNapoleon,LynnShawProd
supersonicclay,UberEng
naomi325,MTA
LouisColumbus,ntdillon
nadia_armogathe,Digitaly_FR
chayesmatthew,amNewYork
maevaghonda,afpfr
Eydo23197315,nytimes
nottora2,Techmeme
lordscarlet,BrooklynSpoke
JAbrahamRojas,fernandograham
SoulLostAside,Uber
SoulLostAside,UberEats
probablefuture,JSadikKhan
Aunt_Bike,CitiBikeNYC
Strategies,jump_rides
BFMParis,AnneLaureBanse
DamndItsGood,rcana
DamndItsGood,seaeyeorg
stable_mable,CitiBikeNYC
aa_1mayo_Tetuan,AVRetiroNorte
aa_1mayo_Tetuan,Uber_ES
aa_1mayo_Tetuan,jump_rides
Gorkab,B_Lambert75
Gorkab,C_Najdovski
sene_valentin,UberFR
LeoCaravagna,UberFR
fbenelli,Uber
fbenelli,dboldini
bisiklet_izm,JSadikKhan
NYDrewReynolds,ntdillon
Adnene,Jamal_ELH
Adnene,journaldunet
MonkeyPooter,JSadikKhan
urbiker,JSadikKhan
jestrotacielos,fernandograham
miamicityman,JSadikKhan
printtemps,dbloom
YoMismaAM,BorbonZare
YoMismaAM,AVRetiroNorte
YoMismaAM,LeaksUberCabify
YoMismaAM,Uber_ES
YoMismaAM,jump_rides
YoMismaAM,policiademadrid
YoMismaAM,JMDretiro
YoMismaAM,CERMI_Madrid
juandillon,UberFR
selcuke,ntdillon
Brady_Butler,Econ_Marshall
muddybike,JSadikKhan
hedgemaze,OGTedBerg
FraiFrai502a,nychange
AlainSerge14,20Minutes
oclibraryk,BrooklynSpoke
followSol,JSadikKhan
cowboys68,TheCousinSal
recalde_jdr,JSadikKhan
Curbed,CurbedDC
valerie_di,duganinja
meganbriannaaa,PrincessTitss
BorbonZare,AVRetiroNorte
BorbonZare,LeaksUberCabify
BorbonZare,Uber_ES
BorbonZare,jump_rides
BorbonZare,policiademadrid
BorbonZare,JMDretiro
BorbonZare,CERMI_Madrid
31BJN,nypost
Wendy_Moreno_EU,CepredNeconomia
FranckyPedia,FlashTweet
Yuwway,UberFR
LouisPThib,Guglielminetti
GetAroundSac,ryrzny
vincevlo,OCyclistes
GlenBikes,JSadikKhan
backberthouders,ntdillon
benoit_gregory,raoulburdet
deray,cmcampbell6
vintagecarbuy,My_Octane
vintagecarbuy,Jalopnik
MikaMommyof3,TaylorJTakeover
marioisalinas,JSadikKhan
PedroooBrito,le_Parisien
CitiBikeNYC,PaulBFit
EmberlinJacky,JSadikKhan
44cstark,nytimes
LeavSteinberg,hari
ExcellaGionne,JournalDuGeek
activitydata,CitiBikeNYC
Kels_Browning,sfexaminer
e_russell,AndrewGiambrone
journalist_ES,MoratoGomezJL
maralegre,JSadikKhan
films7,BoyMarais
films7,PHsansE
films7,EmmanuelSPV
humansonbikes,JSadikKhan
benoit_gregory,UberFR
PrestoVivace,klnynews
PrestoVivace,NYDailyNews
Halima_Bende,journaldunet
SleepReaper88,xGladdOnTwitch
RobertTVillarr5,Citi
BikeGillian,jump_rides
BikeGillian,Uber
BikeGillian,ArlingtonVA
MaestroMobile,ntdillon
trytostopJane,DevinNunes
VictorSharma12,ReggieVaitz
sokane1,andyjayhawk
HollyBethParker,JSadikKhan
JamesJosephIgoe,instapaper
calmology,Econ_Marshall
justridethebike,JSadikKhan
GiovanniSTriana,gopaulblair
GiovanniSTriana,Uber
windsorAndy,JSadikKhan
Lortbay,BritChic65
Lortbay,jaycola
Lortbay,DonDerby1
Lortbay,RobSilver
zobeidene,Uber
nirgudikulkarni,samiir
nirgudikulkarni,JebFatela
nirgudikulkarni,Uber_Support
StreetsPAC,JSadikKhan
rmanusmare,ntdillon
crowdesign,Jamal_ELH
crowdesign,journaldunet
bungdan,bikesnobnyc
haileygraf,CitiBikeNYC
rodrigosaes7,fernandograham
JKintz,jump_rides
JKintz,Uber
Lostinpierceco1,business
ClaireBates_,champers84
ClaireBates_,TaxiGary1
ClaireBates_,ClaireBates_
ClaireBates_,Anthony23Bryant
ClaireBates_,Uber
benoit_gregory,le_Parisien
s_kripper,elpaisinenglish
PerezJaramilloA,JSadikKhan
ArchiJake,DivvyBikes
fabiang,ricardopabon
WJZDevin,Uber
T_Vdel,toinnnoouuu
T_Vdel,jump_rides
T_Vdel,UberFR
wizzzardtweets,StreetsblogNYC
wizzzardtweets,Uber
wizzzardtweets,lyft
wizzzardtweets,CitiBikeNYC
wizzzardtweets,jump_rides
stadsbewonor,elpaisinenglish
ShantanuChikara,r0h1n
maximesinclair,Guglielminetti
PetitFabrice12,Uber_Support
LaurieBlackSD,MaddieLLaw
CristelAlvesg,Jamal_ELH
CristelAlvesg,journaldunet
victorg79559655,genbeta
greenfieldjohn,Uber
greenfieldjohn,jump_rides
greenfieldjohn,DivvyBikes
greenfieldjohn,activetrans
widjibal,JSadikKhan
ideee5,ntdillon
benoit_gregory,ericbeziat
ParkingQueens,ohhleary
ParkingQueens,MikeSharkey_
ParkingQueens,Laurajaxheights
ParkingQueens,CitiBikeNYC
ParkingQueens,FordGoBike
Wuchtbrumme80,JSadikKhan
ChrisBastianBkl,CitiBikeNYC
HobokenInc,JSadikKhan
rocobasilisk,TashaARK
rocobasilisk,skorusARK
AndrewGiambrone,faizsays
tristanwozniak,JSadikKhan
Tbmcneil,JSadikKhan
HanneyDP,JSadikKhan
jpcinema,20minutesparis
StreetsblogNYC,Uber
StreetsblogNYC,lyft
StreetsblogNYC,CitiBikeNYC
StreetsblogNYC,jump_rides
melefant,CitiBikeNYC
AustinShafran,nychange
bluekayakplans,JSadikKhan
DamndItsGood,vbgdggvfgvc
DamndItsGood,Woerth
Quan,andyjayhawk
MyJusticeWI,lyft
norber_sm,JSadikKhan
alanhbain,JSadikKhan
rosemeyer1939,JSadikKhan
MingJiePHUNG,lemondefr
faizsays,Techmeme
Sangalli_96,JSadikKhan
modacitylife,JSadikKhan
Hervelorent,lemondefr
Byclemore,JSadikKhan
jomunozf,JSadikKhan
CFinNYC,Gothamist
MaxSholl,CitiBikeNYC
sjbrownjr0,gopaulblair
sjbrownjr0,Uber
Jonheidar,JSadikKhan
VTC_ACTU,Jamal_ELH
VTC_ACTU,journaldunet
nicolegelinas,vinbarone
EmmaRoseHenry,ericbeziat
ennuiboy420,joannblin
ennuiboy420,CodyineSyrup
AsherDeMontreal,NW_Horadam
CNU_NYC,vinbarone
JHCPW,nytimes
LaurinSepoetro,UberFR
benoit_gregory,Clubic
girlpathologist,MetroFocus
girlpathologist,CitiBikeNYC
QuintinOnCamera,nycjim
QuintinOnCamera,amNewYork
Aunt_Bike,CitiBikeNYC
Aunt_Bike,amNewYork
cdigital13,UberFR
PageSama,ntdillon
smugnier,smugnier
faridvakil,ntdillon
TaylorJTakeover,MikaMommyof3
TaylorJTakeover,TaylorJTakeover
TransitErwin,CitiBikeNYC
polgeg,UberFR
Crudowns,ntdillon
cmuduran,JSadikKhan
jules_elst,afpfr
SaldarriElena,abc_es
gopaulblair,Uber
NothingSince99,UberEats
GinWales,JSadikKhan
cindy176,LesJohnsonHrvat
cindy176,samj_day
thejackdigital,svbizjournal
disdainfreely,bikesnobnyc
StreetsblogNYC,CitiBikeNYC
StreetsblogNYC,bikeshare
ABoudet,dkhos
CB_News,UberFR
k_vanvoorhees,JSadikKhan
JoankaStefaniak,ntdillon
Polcarrre,BoyMarais
Polcarrre,Lelievre_Adrien
Polcarrre,jump_rides
danieltorkura,ntdillon
jkelley399,nytimes
benoit_gregory,TransportsIDF
noneck,JSadikKhan
meddelem,JSadikKhan
santiagobutano,el_pais
amnesico,JSadikKhan
kuhnie1,Noahpinion
FMSupreme,FMSupreme
FMSupreme,Uber
walkuprozzie,JSadikKhan
velobis,JSadikKhan
ebikermag,haroldlgardner
AustinShafran,nychange
MEGra18,michalnaka
ethanspotts,bikeevanston
Niiskuneiti11,JSadikKhan
magikstar29,JournalDuGeek
PaulineLdB,AnneLaureBanse
inventropolis,CitiBikeNYC
dahvnyc,NYCMayor
Ctr4AutoSafety,andyjayhawk
thecliffbar,drivingmzstacey
thecliffbar,Uber
thecliffbar,lyft
thecliffbar,chariot
thecliffbar,jump_rides
BrookTaylorCA,lyft
BrookTaylorCA,Uber
BrookTaylorCA,turo
YoMismaAM,AVRetiroNorte
YoMismaAM,Uber_ES
YoMismaAM,jump_rides
bungeeless_jump,bytebot
mmillikin,nypmetro
TrackBots,keerthiko
juliendelabaca,Uber_ES
TerrBennett,dahvnyc
felixpy,JSadikKhan
jgionova,cahulaan
NeusAcuna,abc_es
TrajectoryCo,JSadikKhan
MrMurder37,nycjim
MrMurder37,amNewYork
wright1000,JSadikKhan
Nana2chainz,nytimes
JoeAdelaars,JSadikKhan
conradsleight,JSadikKhan
Thierrydu01,UberFR
dsmpowered,sfexaminer
rosaguirado,jgaliardososa
rosaguirado,Uber_ES
ptimusk,JSadikKhan
Atdcarshows,Autotestdrivers
1vanLara,Uber_ES
laantonia99,AVRetiroNorte
laantonia99,Uber_ES
laantonia99,jump_rides
TrombleyNancee,JesseTorresCA
TrombleyNancee,BrookTaylorCA
TrombleyNancee,Uber
Patel_p3,Uber
whimchic,engadget
FriedlanderAva,CitiBikeNYC
Educ8tusAll,nychange
CB_News,IsabelleRnrd
CB_News,CB_News
itzme2,JSadikKhan
MGMclinics,TDF79
LeavSteinberg,nypost
josedeanta,fernandograham
mymatteo,ntdillon
Atdcarshows,Autotestdrivers
MattRuscigno,JSadikKhan
FauEmma,exp_edigital
FauEmma,mrtjuste
gillibits,AsherDeMontreal
calitexican,StreetsblogNYC
OsmanCortave,JSadikKhan
Luisjoargue,abceconomia
EraserBud,ScootieGang
EraserBud,jump_rides
cykeljohanna,JSadikKhan
Osimetsan,fernandograham
biz_herald,jump_rides
biz_herald,Uber
rhurtubia,JSadikKhan
mahima,JSadikKhan
liarpoliticians,Uberrats
liarpoliticians,sajidjavid
JonelleMercury,CitiBikeNYC
isarolieban1,AVRetiroNorte
isarolieban1,Uber_ES
isarolieban1,jump_rides
isarolieban1,policiademadrid
isarolieban1,JMDretiro
isarolieban1,CERMI_Madrid
RymSaker,UberFR
zangdar_,JournalDuGeek
dwogsi,pressecitron
FWyhowska,ReggieVaitz
CARSNewsRT,therealautoblog
DRIGUETALEXANDR,le_Parisien
bbglitterati,cmcampbell6
ConcernedMom9,bachyns
IsabelleRnrd,CB_News
davidminpdx,srahrman
velofackeur,ParisEnVoiture
acm_sourcing,Uber
bikenewyork,lyft
AndrewGiambrone,CurbedDC
HosseinMichigan,TheCousinSal
i_am_Eno,raveofthemoment
i_am_Eno,karrks
i_am_Eno,JajaPhD
debutton,JSadikKhan
PeterPa51457221,verge
AsherDeMontreal,faizsays
2AvSagas,ndhapple
JulioCarlavilla,CitiBikeNYC
JustBackalBalik,JSadikKhan
CestAlain,nypost
streetsblogchi,Uber
streetsblogchi,jump_rides
benoit_gregory,pbpbpbpb
yuuji_K1,nytimes
KelKass,ABC7NY
YokohamaRides,StreetsblogNYC
aa_1mayo_Tetuan,AVRetiroNorte
lindscraig,JSadikKhan
michtom20,JSadikKhan
RadioEli,faizsays
jczentella,fernandograham
FrancoisSillion,UberFR
streetsblogchi,CitiBikeNYC
streetsblogchi,StreetsblogNYC
streetsblogchi,DivvyBikes
NycLadi,ABC7NY
tefyandria,Jamal_ELH
brucebanneraaag,fernandograham
derya3110,JSadikKhan
Drew_Benson,CitiBikeNYC
keeup_xyz,pressecitron
JettCapital,josephjett
Tuchdown26,darcyspencer
manianca,NYT
manianca,manianca
laantonia99,AVRetiroNorte
RailfanGuy,greenfieldjohn
PaulDeMaio,CitiBikeNYC
RVonthron,Jamal_ELH
RVonthron,journaldunet
EmmanuelSPV,vinbarone
PeatonDelSur,fernandograham
pollihs,JSadikKhan
lyomarty,Lelievre_Adrien
ajchavar,laurencro
RideLeicester,JSadikKhan
abdullah13feb,ntdillon
tsimphal,UberFR
StreetsblogSF,StreetsblogNYC
JuliusBusecke,JSadikKhan
Shared_MM,Uber
Shared_MM,jump_rides
bomboloni,JSadikKhan
mick_le_priol,le_Parisien
TanguySaias,IsabelleRnrd
TanguySaias,CB_News
Ward32Spokes,JSadikKhan
feralpotatoes,streetsblogchi
feralpotatoes,Uber
feralpotatoes,jump_rides
feralpotatoes,greenfieldjohn
afrackelton,faizsays
sharrowsDC,JWPascale
kevihaynes,ijustine
StreetsblogSF,StreetsblogNYC
benoit_gregory,NADIARAKIB
auradelune,cmcampbell6
Hammbear,andyjayhawk
HuguesS59867433,LCI
kilrwat,JSadikKhan
jmp_nyc,vinbarone
benoit_gregory,benjamin_mrtn
benoit_gregory,Uber
CaitlinMcCoy_,RobertHGardner
_Boabdil_,afpfr
_RocyCarrillo,Uber_ES
InesEbagnitchie,UberFR
jesswilder711,BrandonLRichard
jesswilder711,WMCActionNews5
jesswilder711,Uber
EraserBud,ScootieGang
EraserBud,jump_rides
EraserBud,Uber
pagroen,JSadikKhan
royalmusing,darcyspencer
ffs_bibby,breathemarais
CKPolansky,JSadikKhan
ing_charlyswim,fernandograham
paogomm,fernandograham
manabetakusuke,nytimes
josemanuelmt73,Uber_ES
SHalbawi,ntdillon
simonicard,TransportsIDF
XxiJusticia,abc_es
SPhillipsLuethi,michalnaka
StreetsblogNYC,jangelooff
StreetsblogNYC,macartney
eRileyCasey,Uber
eRileyCasey,jump_rides
alstefan,JSadikKhan
Emangas,AVRetiroNorte
CB_News,OXYGEN_Ouest
CB_News,UberFR
FoleyConor,marty_walsh
monsterdiv,Uber
monsterdiv,Uber_Support
cory_ep,jangelooff
adamconner,CurbedDC
JulieJuC,UberFR
UTZAAKE,baltfishbowl
UTZAAKE,jump_rides
UTZAAKE,Uber
dawnbuie,JSadikKhan
jnichols_itc,CNBC
phscoop,faizsays
NEQueensNY,ABC7NY
Threell,Jamal_ELH
Threell,journaldunet
PENGY_UK,Darkos_Strife
IvanPer4,vinbarone
DamienKientz,JSadikKhan
ScootieGang,StreetsblogNYC
ScootieGang,CitiBikeNYC
deduped_nytimes,nytimes
LEBUREAUDECOM,jyguerin
drivingmzstacey,thecliffbar
drivingmzstacey,Uber
drivingmzstacey,lyft
drivingmzstacey,chariot
drivingmzstacey,jump_rides
drivingmzstacey,ourbikes
Meberle97,Uber
MoussaidMoncef,WorldOfNumeric
sethalow,JSadikKhan
ethokcoorsi,katieeconallen
alvinBillz,businessinsider
ethanspotts,JSadikKhan
LuminaryObscrty,uber_security
LuminaryObscrty,ceesinsaw
kenjbarnes1,jump_rides
kenjbarnes1,Uber_Support
agh1,faizsays
gabrielazevedo,jump_rides
abhiCVK,ntdillon
maxcorvaisier,UberFR
PakikoP,JSadikKhan
Ans666888,motorpasion
paully65,Uber_Support
TomHebertDC,DannyJativaDC
TomHebertDC,gopaulblair
TomHebertDC,Uber
nychange,nypost
nychange,JustinBrannan
nychange,citibike
drivingmzstacey,thecliffbar
drivingmzstacey,Uber
drivingmzstacey,lyft
drivingmzstacey,chariot
drivingmzstacey,jump_rides
sharrowsDC,alex_block
notthegiraffe,StreetsblogNYC
notthegiraffe,CitiBikeNYC
notthegiraffe,bikeshare
oliverbruce,michalnaka
RNickGorton,Uber
NINI_ETERNALSOL,TheBKReader
LorraineFitzsim,JSadikKhan
jehiah,bikesnobnyc
DigitalTeamGRT,journaldunet
Foreva_Fameos,NipseyHussle
zacharywefel,JSadikKhan
GEM_SA,elpaisinenglish
emnchgr,JSadikKhan
ebikermag,guidaautonoma
paully65,WTOP
paully65,NYT_first_said
paully65,washingtonpost
paully65,Uber_Support
URMort,sethmpk
heptaxilacrois1,BoyMarais
heptaxilacrois1,UberFR
heptaxilacrois1,ArielWeilT
heptaxilacrois1,AnneHidalgo
heptaxilacrois1,C_Najdovski
heptaxilacrois1,IanBrossat
Mariesophiedel2,pvieville
Mariesophiedel2,CB_News
AlexMeterissian,JRK_Media
AlexMeterissian,Uber
AlexMeterissian,jump_rides
AlexMeterissian,JCDLR
AlexMeterissian,Fern_LF2
angielopezcruz,fernandograham
seimihuang,DavidZipper
mexicanhacker,JSadikKhan
Felipe_Vlcia,exp_edigital
Felipe_Vlcia,mrtjuste
BCFC_TomG,everythingbcfc
AKimCampbell,JSadikKhan
jeremy646,bikesnobnyc
_Ryanpersaud_,Nissan
tiocamunastaxi,AVRetiroNorte
tiocamunastaxi,Uber_ES
tiocamunastaxi,jump_rides
tiocamunastaxi,policiademadrid
tiocamunastaxi,JMDretiro
tiocamunastaxi,CERMI_Madrid
exp_empresas,exp_edigital
exp_empresas,mrtjuste
joshmendelsohn,JSadikKhan
DanielScherrer,DavidZipper
greenode602,JSadikKhan
TechmemeChatter,faizsays
mslopatto,andyjayhawk
JHBaran,faizsays
zebrafinch,faizsays
SafeSelfDrive,Tatil_Sever
andrewjh,bikesnobnyc
marmentrout85,GMA
marmentrout85,VictorOquendo
EinardPau,fernandograham
juliewood,jangelooff
jrabreau,UberFR
thecliffbar,dbloom
thecliffbar,FitzTheReporter
thecliffbar,faizsays
DaKingsley12,faizsays
MrTinDC,Uber_Support
MrTinDC,jump_rides
brianvan,StreetsblogNYC
brianvan,CitiBikeNYC
antonhein,elpaisinenglish
meganrowling,elpaisinenglish
AaronfingJ,T0ny_T0Ni_T0ne
ThatGuyJt,Pena_dt
MiamiPapers,cahulaan
LDAlloway,faizsays
Lucasmille,journaldunet
penndragonArt,nytimes
heidijukes,TashaARK
heidijukes,skorusARK
WilmaTarus,CNBC
AymPasdutout,JournalDuGeek
SmarterCam,JSadikKhan
FarhanChowChow,JSadikKhan
jpbettger,JSadikKhan
danielabramson,CitiBikeNYC
agreb627,CitiBikeNYC
BrianLemaire2,JSadikKhan
seaeie,DamndItsGood
seaeie,vbgdggvfgvc
seaeie,DLFNachrichten
SxB200,carltonreid
SxB200,rmchase
SxB200,jump_rides
BenwayRW,AVRetiroNorte
e_slat,linef4ult
ku1313,JSadikKhan
art_not_found,BullyEsq
EhtishamNadeem1,CitiBikeNYC
LEBUREAUDECOM,UberFR
RoncalHugo,i_verderesi
mallapur123,r0h1n
thejoelepstein,CitiBikeNYC
davengdesign,svaneksmith
LaMaudLaMaud,UberFR
gaby_romero07,fernandograham
3storytelling,ericbeziat
BornAgain290505,bbhqhqq
BornAgain290505,florentJRG
BornAgain290505,Grizzlydz93
BornAgain290505,dual_sided
BornAgain290505,Xtof_in_Paris
BornAgain290505,BoyMarais
BornAgain290505,DamienMorka
BornAgain290505,films7
BornAgain290505,hmazoyer
BornAgain290505,fabientod
xrumerschool,MBKhMedia
ON306HFJ,verge
GrnUrban,JSadikKhan
IIHS_autosafety,wtopclabaugh
IIHS_autosafety,DDOTDC
IIHS_autosafety,Uber
IIHS_autosafety,jump_rides
IIHS_autosafety,amaxsmith
CincoDiascom,Uber
letseare,koko_matshela
letseare,Fin24
DamndItsGood,vbgdggvfgvc
DamndItsGood,DLFNachrichten
JspiderSF,Uber
PolymorphicProd,DavidZipper
ScootieGang,EraserBud
ScootieGang,jump_rides
ScootieGang,Uber
Mi_Lamberti,UberFR
davidelmagico36,elpais_economia
Jesperjo,JSadikKhan
FareesaA,lyft
1st4gites,TheLocalFrance
cluteman,jump_rides
pump_n_jump,tcellcrypto
sharrowsDC,faizsays
tsimphal,Uber_ES
MitoGuuay21,Luiiwizz
bikejc,driversofnyc
bikejc,CitiBikeNYC
Bombatta,JSadikKhan
cmwpt,JSadikKhan
ooneepod,CitiBikeNYC
ScootieGang,EraserBud
ScootieGang,jump_rides
ScootieGang,Uber
rkhazzam,JRK_Media
rkhazzam,Uber
rkhazzam,jump_rides
mrcalexandre,ntdillon
benoit_gregory,19_zaz
deltaforcekondo,JSadikKhan
ninesbargas,AVRetiroNorte
ninesbargas,Uber_ES
ninesbargas,jump_rides
BaltMediaBlog,wbaltv11
GvjWillow,mozilette
macartney,srahrman
leabsort,UberFR
minti42,JSadikKhan
catsynth,nytimes
mzw007,ReggieVaitz
alexgrcya,sfexaminer
butwhyevernot,sethmpk
juandiego_dt,JSadikKhan
DamndItsGood,vbgdggvfgvc
DamndItsGood,Woerth
whykaykay,Uber
supluis,JSadikKhan
mj_chamberlain,JSadikKhan
michelangeloRit,Econ_Marshall
Rog_Berube,JSadikKhan
CCalderonRA,JSadikKhan
JulietteLrd,journaldunet
katemac22,JSadikKhan
It_Aint__ME,Blakfire40
It_Aint__ME,Uber
tarauk,JSadikKhan
allride_app,JSadikKhan
positiviTeee,CitiBikeNYC
coryripley,JSadikKhan
sidewalklabs,JSadikKhan
mrksggrs,JSadikKhan
chris5shultz,BrookTaylorCA
chris5shultz,Uber
kenyancyclist,JSadikKhan
WiggsMontana,cmcampbell6
PSuiteNetwork,nytimes
BrooklynSpoke,EricMcClureBK
BrooklynSpoke,carolinesampo
BrooklynSpoke,jonorcutt
BrooklynSpoke,JSadikKhan
BrooklynSpoke,kfillinyeh
BrooklynSpoke,danisimons
BrooklynSpoke,PSteely
TechnicallyBMR,Uber
Johnnystig,bikesnobnyc
MarcusEnoch,MinetaTrans
CdmxMovilidad,andreslajous
CdmxMovilidad,CENFESAC
CdmxMovilidad,MobikeMX
CdmxMovilidad,Mobike
Solgamar2,AVRetiroNorte
ZeeDinero,richbrian
gelopolis,fernandograham
darkchyld88,ntdillon
vinbarone,CMReynoso34
TheRideshareGuy,michalnaka
YoMismaAM,AVRetiroNorte
YoMismaAM,Uber_ES
YoMismaAM,jump_rides
YoMismaAM,policiademadrid
YoMismaAM,JMDretiro
YoMismaAM,CERMI_Madrid
TheKarmiDance,JSadikKhan
jkellerfsu,JSadikKhan
SarahDriay,UberFR
JohannesMauritz,JSadikKhan
MFMSac,ExploreMidtown
MFMSac,jump_rides
MFMSac,JennyDWyant
MFMSac,TheCityofSac
MFMSac,Steve4Sac
MFMSac,Jeff4sac
MFMSac,Uber
ARAUJOGONZ,JSadikKhan
NelsonRodMar,AnneLaureBanse
swetamtailor,le_Parisien
miljotweets,KajEmbren
miljotweets,washingtonpost
QueenBorne9,nypost
jacobmovingfwd,JSadikKhan
AkuffoE17215788,viewingnyc
15marches,cormerap
lionelSteinmann,Lelievre_Adrien
69nueve,AVRetiroNorte
69nueve,Uber_ES
69nueve,jump_rides
curtisfox,CitiBikeNYC
kelceydrapp,mason98100822
kelceydrapp,TheDocileDame
kelceydrapp,pdolby
kelceydrapp,Politicabbie
kelceydrapp,pintsizepumpkin
kelceydrapp,theundergleam
kelceydrapp,TheSoulCab
kelceydrapp,AnnaGillcrist
gee_rosemarie,nytimes
niggiwwerdna,StreetsblogNYC
niggiwwerdna,Uber
niggiwwerdna,lyft
niggiwwerdna,CitiBikeNYC
niggiwwerdna,jump_rides
TSRCITSBerkeley,workonline44
BIKETOWNpdx,JSadikKhan
thereadingline,JSadikKhan
cadriazola,JSadikKhan
GonzaPeralta7,JSadikKhan
BobPishue,The_Suburbanist
TeddyMcNabal,JSadikKhan
TinaMoorereport,nypmetro
TinaMoorereport,AaronFeis
CerCero,elpais_economia
AlvaroArdura,JSadikKhan
SebCloud,journaldunet
justinehuang34,ntdillon
macartney,StreetsblogNYC
macartney,jangelooff
macartney,macartney
VentureTypes,andyjayhawk
larrabeedrill,CitiBikeNYC
keisasenreetta,JSadikKhan
Val_8aV,fernandograham
Echiaripreciado,JSadikKhan
AIOVA3,r0h1n
mariepastre,UberFR
GeorgeWeeks2014,JSadikKhan
twelve_twenty7,nytimes
Polcarrre,UberFR
CitiBikeNYC,sesselz
chantelisms,cmcampbell6
grafiti_io,ntdillon
elboche,JSadikKhan
JordanCwood1,verge
harrivaarala,JSadikKhan
transitwitch,JSadikKhan
cadriazola,DavidZipper
CaseyLouis31,nypost
KristiHartman1,keegzzz
halamcgill,randomgeogbean
dawnvalentine,JSadikKhan
benoit_gregory,France3Paris
MandyBa68034975,nytimes
benoit_gregory,Zehub
marx_price25,Econ_Marshall
thecitywanderer,CitiBikeNYC
Fibo,lemondefr
gibsopi,Econ_Marshall
Liammch12,verge
JRG863,AVRetiroNorte
DHermanStudio,dahvnyc
films7,PHsansE
films7,BoyMarais
films7,EmmanuelSPV
hoggfather,michalnaka
PedalLove,JSadikKhan
MJGWrites,SkbSham
natehommel,JSadikKhan
listenGfs,abbyhonold
Shared_MM,Uber
Shared_MM,jump_rides
dahvnyc,faizsays
JCDLR,JRK_Media
JCDLR,Uber
JCDLR,jump_rides
Horrisber2Penny,nytimes
YokohamaRides,bikesnobnyc
manuelronline,EconomiaED_
nnarasimhan,JSadikKhan
jenrobertson2o2,nypost
lifesizedcity,JSadikKhan
RideWithParavol,DeufleMagnifik
alphamaky,elonmusk
Jeresh_Kee,KrisSawyer33
Shinymama,fastbeemer
Shinymama,zerohedge
mCenterDrexel,JSadikKhan
farasch,abc_es
marcventresca,Econ_Marshall
PatrickWidmaier,JDNebusiness
FerMongeC,DavidZipper
PS216K,mancb10
RobynDunnit,ReggieVaitz
naomi325,AGZimmerman
naomi325,NYCTSubway
morethanbrent,JSadikKhan
oriolaltisench,JSadikKhan
YokohamaRides,JSadikKhan
streetsblogchi,greenfieldjohn
ParkingQueens,chesneycheckers
TyWilsonLaw,businessinsider
ChepeCletas,JSadikKhan
tinarela,uber_that
AUTONOMY,UberFR
daveg,RobinsonBenP
daveg,daveg
kclightrail,ggwash
TXUrbanMixedUse,JSadikKhan
btkrth,nytimes
konstantinaBel3,CNBC
xorangecar,ntdillon
MariamNdour,CB_News
BTrain21324248,TheCousinSal
ThisMisfit,fernandograham
KapilChopra72,r0h1n
Taxi_Informante,Claudiashein
Taxi_Informante,andreslajous
Taxi_Informante,miguel_macedo_e
NYCSportsComm,bikenewyork
NYCSportsComm,lyft
streetsblogchi,feralpotatoes
streetsblogchi,streetsblogchi
streetsblogchi,Uber
streetsblogchi,jump_rides
streetsblogchi,greenfieldjohn
AmunRa1,Inceptive_Mind
ttcycler,JSadikKhan
lumimichelle,vinbarone
surfacingpoint,JSadikKhan
cory_ep,JSadikKhan
Sunny25395135,engadget
JPublicSpace,JSadikKhan
tiocamunastaxi,AVRetiroNorte
BoyMarais,bibVater
richmanmax,komurphy
Agothos1,TheCousinSal
hermanyung,Uber
TankieTrot,srahrman
tonyabate1,JSadikKhan
AVocalistsRival,sethmpk
olafdosmilonce,fernandograham
sgu_lisa,AnneLaureBanse
enlibreservice,jump_rides
syklemil,mateosfo
iamAyula,Mussprince_seal
greydog1853,JSadikKhan
dtoushek,JSadikKhan
JmoreLiving,baltfishbowl
JmoreLiving,jump_rides
Elihuman,JSadikKhan
bikeloveny,faizsays
syedaAhmed1035,TechCrunch
trepwise,jump_rides
SheilaBoudreau,JSadikKhan
NeilSchloth,CitiBikeNYC
absurdtriathlon,JSadikKhan
shinglest,verge
shoobe01,AlexRoy144
EmmanuelPLOTON,Jamal_ELH
EmmanuelPLOTON,journaldunet
asymco,Sebastopol94
asymco,MicromobilityCo
asymco,cjl49
benoit_gregory,Guglielminetti
TweetofJules,ntdillon
JuanP931,JSadikKhan
benoit_gregory,News_T3ch
voilakevin,JSadikKhan
mlescrainier,tverstrepen
mlescrainier,JGBONTINCK
Dramonator,afpfr
Jaiterlist,NYTMetro
marioraimondi,JSadikKhan
DinicolaNicola,JSadikKhan
TUDublinEPS,JSadikKhan
KPK312,JSadikKhan
JAM_session_,Econ_Marshall
anrao,WilliamTurton
carlosmbriones,abceconomia
theeaglesvision,bjeaglefeather
damirmn,Jamal_ELH
damirmn,journaldunet
machinelearn_d,leandrobutteri
rsheiner,statesman
georgevhulme,randymelder
allpartycycling,JSadikKhan
StuckeyStop,JSadikKhan
JohnSurico,CitiBikeNYC
ParkingQueens,JohnSurico
ParkingQueens,CitiBikeNYC
rishmishra,ntdillon
neozero497,schmangee
Emilia06527352,AVRetiroNorte
Emilia06527352,Uber_ES
Emilia06527352,jump_rides
acuzz1967,greenfieldjohn
acuzz1967,Uber
acuzz1967,jump_rides
acuzz1967,DivvyBikes
BubbleJunction,bjeaglefeather
wis10,PaulRiveraNews
myprwirenews,nytimes
Jannatnain1,faizsays
TechmemeChatter,faizsays
realsshrestha,Uber
stevevance,streetsblogchi
stevevance,Uber
stevevance,jump_rides
byrnedaniel3,UberFR
benoit_gregory,tdf_idf
TomHebertDC,gopaulblair
TomHebertDC,Uber
antoineclement,BikeHoboken
AVRetiroNorte,Uber_ES
AVRetiroNorte,jump_rides
hummelsw,bikesnobnyc
Seville_Writer,elpaisinenglish
Mitch_from_MI,TheCousinSal
CdA_onweb,Uber_ES
paully65,Uber_Support
SaMoCole,JSadikKhan
benoit_gregory,JDNebusiness
ThreadATL,JSadikKhan
UlmannPaul1,B_Lambert75
UlmannPaul1,C_Najdovski
julienjly,transportshaker
adeponcins,journaldunet
imaginecities,JSadikKhan
vodkaprofessor,JSadikKhan
versterb101,JSadikKhan
FMobilite,miguelecabrera
biocorsario,HHunterciclista
biocorsario,jump_rides
biocorsario,Uber_ES
biocorsario,elpais_economia
JCDLR,JRK_Media
JCDLR,Uber
JCDLR,jump_rides
slboebel,TheCousinSal
jeremy646,dahvnyc
Sassy_Danny,javeauriel
SamiSahala,DavidZipper
SantiagoAcostaS,fernandograham
jgarcia_ed,EconomiaED_
jgarcia_ed,CristianReche
HardDriveStunt,My_Octane
HardDriveStunt,Jalopnik
MiaD,AkwyZ
perogunner,Crhedrys
planneralba,JSadikKhan
Sherleypty,abc_es
JCColtin,sethmpk
komarnicka_com,ntdillon
the93mcgee,bxchen
the93mcgee,Uber
CitiBikeNYC,JasonnarT
DonnaReardonsj,JSadikKhan
France3Paris,B_Lambert75
France3Paris,C_Najdovski
EarthAccounting,EarthAccounting
EarthAccounting,TheLocalFrance
MercieeBea,soledadobrien
danielsparing,JSadikKhan
shyamkotak_,MicromobilityCo
shyamkotak_,benedictevans
michelchris,fernandograham
Brad_Reed_Ore,JSadikKhan
jacquiswartz,JSadikKhan
pfrishauf,JSadikKhan
chasestubb,jakeonrails
chasestubb,VictorPontis
EarthAccounting,nypmetro
orthopsia,nbcwashington
ollinm,fernandograham
tiinasarlin,bikesnobnyc
scastelar,JSadikKhan
DufeoMD,nytimes
LEBUREAUDECOM,pressecitron
AlexMeterissian,JRK_Media
AlexMeterissian,Uber
AlexMeterissian,jump_rides
LouisePerrin11,lemondefr
RamiAli,ntdillon
niccobricco88,UberFR
ajlamesa,verge
UberFR_support,AymPasdutout
HmmBee,JSadikKhan
DavidReviriego1,UberFR
Kels_Browning,ntdillon
MITrends,i_verderesi
jghechoua,Yuwway
heptalquimista,fernandograham
bmowinckel,JSadikKhan
MarketaDee,JSadikKhan
LCPATL,Uber
LCPATL,Uber_Support
velopaso,JSadikKhan
nachoctrs,JSadikKhan
pak_anggoro,ntdillon
baltimoresun,cmcampbell6
bah_9,20Minutes
Agent_Jase,keerthiko
annededen,JSadikKhan
ArnaudPo,Jamal_ELH
ArnaudPo,journaldunet
remartinezb,JSadikKhan
JustinBrannan,nychange
JustinBrannan,nypost
JustinBrannan,JustinBrannan
JustinBrannan,citibike
gurriersread,JSadikKhan
josedionigonz,JSadikKhan
DanieleGuinot,jyguerin
katehinds,vinbarone
MayUseFullLane,StreetsblogSF
Sean_H4ley,_clearlystocks
Sean_H4ley,kathleen_elk
TweetsWithTim,JSadikKhan
voz_populi,AlberSanzz
cmoli78,AVRetiroNorte
cmoli78,LeaksUberCabify
cmoli78,Uber_ES
cmoli78,jump_rides
cmoli78,policiademadrid
cmoli78,JMDretiro
cmoli78,CERMI_Madrid
neildodds,jump_rides
hup333,TheLocalFrance
dalecarrico,Econ_Marshall
TerreformUR,JSadikKhan
carolegamelin,lemondefr
jvillasanad,JSadikKhan
moevino,LadyBelinda57
moevino,Daithi_Kyme1
moevino,Uber
fretlessfever,DevinNunes
yoda,nytimes
martinriedl,BirdRide
martinriedl,limebike
martinriedl,jump_rides
CharlieGilligan,jump_rides
dre7413,ntdillon
EleshN0rn,Politicabbie
EleshN0rn,theundergleam
EleshN0rn,TheSoulCab
EleshN0rn,AnnaGillcrist
EleshN0rn,lyft
EleshN0rn,Uber
egonsaks,ntdillon
ActiveTowns,JSadikKhan
GCRad1,bikesnobnyc
isotopp,JSadikKhan
insidewheel,JSadikKhan
_MalikJohnson,Jersey_Jinx
ParkingMinute,twjpdx23
felipecarpes,JSadikKhan
jhermann,bikesnobnyc
lopezmonne,JSadikKhan
Andres4Seattle,ajlamesa
Andres4Seattle,verge
haleyhebert,ntdillon
czerjyo,JSadikKhan
lightroasted,ntdillon
carlaarellano9,JSadikKhan
greenfieldjohn,StreetsblogNYC
greenfieldjohn,CitiBikeNYC
Matcarf,JSadikKhan
DominiqueCrochu,Digitaly_FR
mjrichardson_to,CitiBikeNYC
alan_ridgley,ReggieVaitz
tuckerhimself,jump_rides
tuckerhimself,washingtonpost
streetsblogchi,Uber
streetsblogchi,jump_rides
streetsblogchi,lyft
KhatunShazida,Indilens
SeanGalloway,JSadikKhan
elifbirol_,JSadikKhan
thejoelepstein,StreetsblogNYC
gillibits,faizsays
ClaudiaECohen,jyguerin
philritz1,VanessaGregson
philritz1,skip_sf
philritz1,FordGoBike
Dani_CDA,abc_es
shaminder000,Uber
shaminder000,jump_rides
Ben_Rutten,MKoningsveld
Guil_Falcon,lemondefr
KLStorey,JSadikKhan
JaFra23,nbcwashington
AntonellaTampel,JSadikKhan
NielsVerduijn,MKoningsveld
_yungsheen,supermarke
_yungsheen,ourbikes
_yungsheen,FordGoBike
_yungsheen,sfmta_muni
_yungsheen,ourbikes
davidhodge_,JSadikKhan
rossiton,fernandograham
gillibits,michalnaka
YohannCrn,franceinfoplus
nanotrac,bjeaglefeather
DanteAlvarado10,ntdillon
canonleonardo,JSadikKhan
EmmanuelSPV,StreetsblogNYC
EmmanuelSPV,CitiBikeNYC
pvieville,CB_News
calisurf,AsherDeMontreal
TransitNinja205,TheJakeSchmidt
TransitNinja205,CoreyinNYC
TransitNinja205,NYC_DOT
TransitNinja205,ooneepod
eyalsanto,JSadikKhan
TonyLStewart,ntdillon
DiaryKeys,SolynaBlog
DiaryKeys,UberFR
LucaGuala,JSadikKhan
emmv,AUTONOMY
emmv,UberFR
citylifesue,JSadikKhan
abogadhillo,computerhoy
jess_gc,DigitalRubik
Spottnik,CitiBikeNYC
anndreamoore,ntdillon
NualphaOmegam,Econ_Marshall
jay_210,TheCousinSal
cmoney_htx,JWPascale
joseenpeco,SinergiaElctric
AndresAmodio,JSadikKhan
MattCRBL,lemondefr
mdslock,Econ_Marshall
LeavSteinberg,NY1
LeavSteinberg,CitiBikeNYC
benoit_gregory,B_Lambert75
benoit_gregory,C_Najdovski
L_e_x___,fernandograham
MrRBourne,CurbedDC
benoit_gregory,Lokta6
oliverbruce,michalnaka
valvo,jump_rides
gregpiper,Uber_Support
benoit_gregory,thibautthomas
NBoissardLZC,LUsineDigitale
TalkingScars,Autotestdrivers
SafeSelfDrive,andyjayhawk
juliewood,streetsblogchi
juliewood,Uber
juliewood,jump_rides
juliewood,lyft
roodave,JSadikKhan
EmmanuelSPV,JGBONTINCK
EmmanuelSPV,tverstrepen
FragrancesRH,News_T3ch
HamiltonTrike,JSadikKhan
gutirrez_lvaro,exp_edigital
gutirrez_lvaro,mrtjuste
eamonn,elpaisinenglish
MattiAho2,nypost
MaestroMobile,michalnaka
iMBahaa,ntdillon
gillibits,JSadikKhan
Uber_Support,JGats_
HenryJamesJimmy,Jalopnik
EraserBud,ScootieGang
EraserBud,jump_rides
EraserBud,Uber
AFeldman2,JSadikKhan
Ou_est_Charlie,LeoNayfeld
Ou_est_Charlie,tuckerhimself
Ou_est_Charlie,jump_rides
Ou_est_Charlie,Uber
Ou_est_Charlie,PoPville
BalazsMatocza,JSadikKhan
GetJobSueBoss,LegalRideshare
GetJobSueBoss,verge
GetJobSueBoss,andyjayhawk
ronfresh88,TheCousinSal
GordonAChaffin,JWPascale
randomduck,jump_rides
mikkoivars,JSadikKhan
CaityMaple,Uber
muddybike,bikesnobnyc
tuckerhimself,Uber_Support
antonio_extrem,AVRetiroNorte
captainreebs,RPOIII
gopaulblair,Uber
FitzTheReporter,sfexaminer
machinedcity,JSadikKhan
pablovaggione,JSadikKhan
wjz,WJZDevin
wjz,Uber
nurvwshop,JSadikKhan
Gorrion56,JSadikKhan
OpikBidin,DavidZipper
bybriandrew,faizsays
juanma10877,AVRetiroNorte
ktbautista1,greenfieldjohn
ktbautista1,StreetsblogNYC
ktbautista1,CitiBikeNYC
thenotebookpk,AHathawayNews
gregpiper,jump_rides
kerbyside,JSadikKhan
Nyonya_Cat,Econ_Marshall
AgenceWorldweb,journaldunet
Tpstewart8,jump_rides
vbagate,faizsays
BrookTaylorCA,anthonyyork49
BrookTaylorCA,Uber
nhhbbfan,TheCousinSal
Bonoblue,fernandograham
wendifengsheng,JDNebusiness
JulioRGarza,fernandograham
Thaisweber,UberFR
morbrem,JSadikKhan
Batkenrun,ABoudet
Batkenrun,dkhos
newyorkcity,JSadikKhan
my511NY,engadget
JakeVarn,faizsays
LAShepard221,bikenewyork
LAShepard221,lyft
vick_eey,Lolo_cy
JoanaAvgomes,gabrielazevedo
JoanaAvgomes,jump_rides
JoanaAvgomes,Uber
JimWBALTraffic,lizdrabick
temporalista,JSadikKhan
acuzz1967,streetsblogchi
acuzz1967,Uber
acuzz1967,jump_rides
acuzz1967,lyft
RennaneRenna,lemondefr
AvereFrance,UberFR
immoweek,UberFR
immoweek,Paris
mickeywiener,JSadikKhan
jamie_ker,Uber
eastnashville19,JSadikKhan
gegreg_greg,AllConnectedsas
joseloleal,fernandograham
DanielPilotte,UberFR
DanielPilotte,Jamal_ELH
DanielPilotte,journaldunet
DelphineBRUSLEY,CB_News
jb_delame,journaldunet
MicahPpls,ntdillon
holymtnbike,Econ_Marshall
AsherDeMontreal,KCGrock
AsherDeMontreal,DaleMunroe
AsherDeMontreal,BrinkmanCheryl
AsherDeMontreal,FordGoBike
jqllc,meelar
jqllc,thecitywanderer
ninesbargas,AVRetiroNorte
stoephel,Derek_Hanekom
stoephel,BerneMuthien
VinVin618,CitiBikeNYC
VinVin618,NYCMayorsOffice
VinVin618,CitiField
try_Tandem,elpais_economia
theMachoRed,JSadikKhan
MarkLeeDC,DCist
SandraSahema,AVRetiroNorte
agusto19,fernandograham
sluglines,loriara
BCBC_Newark,StreetsblogNYC
BCBC_Newark,CitiBikeNYC
JoanVinallCox,JSadikKhan
Kaiya1212,catsupstairs
Kaiya1212,UrbaniteAlaska
michelarnd,JSadikKhan
RetailExplo,scoopit
johnwick8425,JSadikKhan
mike_cycle,JSadikKhan
OurStreetsMpls,WedgeLIVE
jorgejhms,JSadikKhan
LadyVixen,mmegantheresaa
LadyVixen,Uber
LarissaMayerpp,Uber
LarissaMayerpp,elpais_economia
heartiscalm,JSadikKhan
MattHallmann,ntdillon
firingouty,TheLocalFrance
albertobermej0,fernandograham
gcordonn,LUsineDigitale
rudo_botha,JSadikKhan
rishipatel313,TheCousinSal
OpenBet,TheCousinSal
SCAMACIMMO,businessimmo
SCAMACIMMO,SCAMACIMMO
pepetegrillo,abc_es
trainstar,ajlamesa
trainstar,verge
BikeDoctorDave,betterbikeshare
baltfishbowl,jump_rides
baltfishbowl,Uber
YMontesi,Uber
CitiBikeNYC,keithrhernandez
CitiBikeNYC,lyft
DeboraPetersen,sfexaminer
OpsStoner,xlxTAZxlx
Albert0Salgad0,TheCousinSal
B_Lambert75,B_Lambert75
B_Lambert75,C_Najdovski
AymPasdutout,UberFR_support
dancswithwolves,DeanReimer
dancswithwolves,bikesnobnyc
MAP1023,CitiBikeNYC
bikinginla,JSadikKhan
fred9038,LynnShawProd
onlymedmg,TfL
NYCMayorsOffice,CitiBikeNYC
jarad_fisher,JSadikKhan
JonelleMercury,JSadikKhan
wtopclabaugh,DDOTDC
wtopclabaugh,Uber
wtopclabaugh,jump_rides
wtopclabaugh,amaxsmith
wtopclabaugh,WTOP
AlexAnotherOne,Gothamist
Makhtub,r0h1n
Sundancekid65,TheCousinSal
The_News_DIVA,nypmetro
crewislife,nytimes
DanielScherrer,michalnaka
GeekDealsTop007,circleboom
TechmemeChatter,faizsays
PLatchman,JSadikKhan
dfoleyusa,darla7614
RobRe62,JSadikKhan
DanielPilotte,DanielPilotte
DanielPilotte,UberFR
DanielPilotte,Jamal_ELH
c14h,Uber_Ger
Erric_be,JournalDuGeek
moisesmgarciag,fernandograham
Benellis55Ben,ReggieVaitz
ShabazzStuart,CitiBikeNYC
calebfiles,ScootieGang
calebfiles,jump_rides
loyaltyarm,JKintz
loyaltyarm,jump_rides
loyaltyarm,Uber
KyleEChadwick,mnolangray
KyleEChadwick,googlemaps
eieioink,nypost
fljkl,AnneLaureBanse
Swizec,AdamRackis
Swizec,mrjhnsn
BaerbelWittich,JSadikKhan
Drissabdi,NexxDrive
NevsRozay,Nanakay_gh
morpher,michalnaka
Ingridistwiting,JDNebusiness
RealitesRoutes,pbpbpbpb
carfyes,Uber_ES
motormaud,JSadikKhan
jamorenod,AVRetiroNorte
jamorenod,Uber_ES
jamorenod,jump_rides
ValentinJuilla2,AnneLaureBanse
jnewtontm,Econ_Marshall
theDCrider,faizsays
JLAchih,JSadikKhan
LoriCHawkins,512tech
PhilippeMartin,Guglielminetti
bikenewyork,DavidEM47
bikenewyork,BicyclesOnly
bikenewyork,pwbnyc
bikenewyork,stevenbodzin
bikenewyork,yosefontwo
bikenewyork,TransitNinja205
bikenewyork,NYC_DOT
bikenewyork,MTA
bikenewyork,TransAlt
bikenewyork,TransitCenter
streetsblogchi,lyft
dawnzimmernj,JSadikKhan
ksimerly,JSadikKhan
davidd8,faizsays
thebonnieloon,JSadikKhan
ShabazzStuart,CitiBikeNYC
kinshukdudeja,KevGCallahan
hydro88wr,cmcampbell6
tiocamunastaxi,AVRetiroNorte
tiocamunastaxi,Uber_ES
tiocamunastaxi,jump_rides
Oussnoo,ntdillon
dragonflylibrar,mikeallen_ota
dragonflylibrar,JSibley99
dragonflylibrar,GnomeSaneBruhh
dragonflylibrar,FBALL_Andrea
dragonflylibrar,AnnaGillcrist
dragonflylibrar,lyft
dragonflylibrar,Uber
ReggieVaitz,ABC7NY
ReggieVaitz,NBCNewYork
ReggieVaitz,NY1
ReggieVaitz,fox5ny
collinferry,FordGoBike
collinferry,Uber
LimbourgDenjean,lemondefr
My_Octane,Jalopnik
julianequintana,JSadikKhan
alanaaubin,bikesnobnyc
aGreenQueenNYC,JSadikKhan
Pats_Mish,JSadikKhan
muddybike,BrooklynSpoke
REALANNABELLA,20Minutes
bikeloveny,TheJakeSchmidt
bikeloveny,CoreyinNYC
bikeloveny,NYC_DOT
bikeloveny,ooneepod
Lelievre_Adrien,jump_rides
_jstrand,hunkspouse
Coach4ppol,expansioncom
debbieharry,ClaytonGuse
hassanb90270065,lemondefr
TransitNinja205,CitiBikeNYC
patinoestoi,AVRetiroNorte
DrLindaShelton,srahrman
NYC,CitiBikeNYC
ClaudinaGz,JSadikKhan
TDaveM31,nytimes
ClimateOfGavin,JSadikKhan
AlexWhiteGB,Noel_KOL_Taxi
FixQueensBlvd,JSadikKhan
ionion75,B_Lambert75
ionion75,C_Najdovski
LessCrime,PeterMoskos
JoshLinden7,JSadikKhan
pburka,CitiBikeNYC
StumpToEmerald,ajlamesa
StumpToEmerald,verge
nyctaxinews,CrainsNewYork
streetsblogchi,CitiBikeNYC
sLOculture,CitiBikeNYC
SalemMJ,ntdillon
BklynTuxedo,CitiBikeNYC
BklynTuxedo,motivate_co
BklynTuxedo,lyft
Stan_Cherry,PricingNews
seeworasa,nytimes
Sustainabhub,JSadikKhan
koi_19,ABC7NY
tuckerhimself,Ou_est_Charlie
tuckerhimself,LeoNayfeld
tuckerhimself,jump_rides
tuckerhimself,Uber
tuckerhimself,PoPville
DHermanStudio,StreetsblogNYC
DHermanStudio,Uber
DHermanStudio,lyft
DHermanStudio,CitiBikeNYC
DHermanStudio,jump_rides
DHermanStudio,Uber
JMKole,peterpham
JMKole,Uber
JMKole,ExpressLanes
RudyCluzel,AnneLaureBanse
richmintz,brianvan
richmintz,armenoush_nyc
richmintz,ReuvenFen
richmintz,AaronFeis
MsMiya63,BarackObama
MsMiya63,IPROMISESchool
MsMiya63,KingJames
aliknez,cmcampbell6
CitiBikeNYC,JSadikKhan
benoit_gregory,lemondefr
lycos972,JournalDuGeek
GuglielminaD,UberFR
GiftLatas,HermaineM
jmargolis88,danspector
jmargolis88,jump_rides
jmargolis88,jump_rides
HackerTattler,sencer63692
HackerTattler,TrentKellyWPLG
HackerTattler,AlanTaxicab050
HackerTattler,Uber
HackerTattler,WPLGLocal10
EliseGaz,afpfr
UberFR_support,AymPasdutout
jangelooff,StreetsblogNYC
jangelooff,jangelooff
jangelooff,macartney
jessegold24,CitiBikeNYC
benoit_gregory,afpfr
EarthAccounting,TheLocalFrance
benoit_gregory,LeParisien_Tech
CHAIRRDRF,JSadikKhan
mylitadventure,Uber
MehdiZrf,UberFR
NVTAuthority,Uber
NVTAuthority,jump_rides
NVTAuthority,WTOP
asmall_word,AsherDeMontreal
films7,BoyMarais
films7,bbhqhqq
films7,bo56391028
films7,ololo_velib
films7,florentJRG
films7,painrisien
films7,raphoun
films7,hmazoyer
films7,angelinemontoya
avelezig,fernandograham
DariusRadzius,1010WINS
Ajchatham,michalnaka
craigscc,My_Octane
craigscc,Jalopnik
brianvan,sethmpk
bikejc,CitiBikeNYC
oliverbruce,AsherDeMontreal
LDouglasESQ,TobyWallwork
LDouglasESQ,Uber
LDouglasESQ,Uber_Support
LDouglasESQ,jump_rides
LDouglasESQ,BirdRide
LDouglasESQ,limebike
robdeleonjr,JSadikKhan
EnTrottSimone,bifrance
Ellover24,CitiBikeNYC
chiseltip22,wtopclabaugh
chiseltip22,WTOP
chiseltip22,DDOTDC
chiseltip22,Uber
chiseltip22,jump_rides
chiseltip22,amaxsmith
ZTracer,g_rapier
LoryBarrios,Uber_ES
LoryBarrios,diegomdx
Xayme,stricto_sensu
14091968,CincoDiascom
14091968,Uber
OXYGEN_Ouest,UberFR
nico_estupinan,JSadikKhan
theDCrider,drgridlock
renoloko,CitiBikeNYC
benoit_gregory,cnetfrance
brian______k,carltonreid
brian______k,rmchase
brian______k,jump_rides
TanArrowz,ntdillon
Madridiario,Uber_ES
LorenzoANC7C04,mysikix
LorenzoANC7C04,DCYellowCab
LorenzoANC7C04,DC_DFHV
LorenzoANC7C04,VinceGrayWard7
LorenzoANC7C04,ANC7DCommission
LorenzoANC7C04,SBunnWard8
LorenzoANC7C04,jump_rides
LorenzoANC7C04,wmata
DrewFroling,TheCousinSal
davecraige,SeanMCzarnecki
davecraige,MikeIsaac
davecraige,Bro_Pair
aka60643,bikeevanston
kuyokuyo1,JSadikKhan
paulhayesman,Clearpreso
paulhayesman,SimonJohnPalmer
VanessaPetit5,lemondefr
nanaverte,TransportsIDF
InfernoGamer318,AlphaGFXX
robertneuhaus,Uber
benoit_gregory,transportshaker
gabelocher,TheCousinSal
PhilipRousse,fernandograham
Roughani,verge
speedynoise,Uber_ES
CPtte,davecraige
CPtte,Toyota
CPtte,Tesla
CPtte,elonmusk
ShabazzStuart,TheJakeSchmidt
ShabazzStuart,CoreyinNYC
ShabazzStuart,NYC_DOT
ShabazzStuart,ooneepod
films7,bbhqhqq
films7,Velib
films7,DamienMorka
films7,ololo_velib
films7,BoyMarais
films7,painrisien
films7,raphoun
films7,hmazoyer
films7,angelinemontoya
films7,HappyEmile
ayesuppose,JSadikKhan
liammcbrooklyn,bikesnobnyc
JimenaRivera,CitiBikeNYC
mcpinson,JSadikKhan
ab_myriad_bird_,r0h1n
CarmenSanCarlos,CarmenSanCarlos
CarmenSanCarlos,ManuelaCarmena
CarmenSanCarlos,Uber
reformista45,AVRetiroNorte
reformista45,Uber_ES
reformista45,jump_rides
sbwhite,JSadikKhan
Newswire_NY,ABC7NY
Dr_Frank_Lance,cmcampbell6
mwax,sfexaminer
uberlyftdrivers,jp_sox
uberlyftdrivers,UBERTRUTH2
uberlyftdrivers,Uber
uberlyftdrivers,lyft
uberlyftdrivers,Nasdaq
uberlyftdrivers,NYSE
Edrn_Tech,FlashTweet
armesto1989,larepublica_co
EnClaveDerecho,elEconomistaes
biocorsario,HHunterciclista
biocorsario,jump_rides
biocorsario,Uber_ES
biocorsario,elpais_economia
DanielHonberg,Econ_Marshall
ModouMCham,CitiBikeNYC
klightowler,ntdillon
belleoflonglake,StreetsblogNYC
belleoflonglake,CitiBikeNYC
belleoflonglake,bikeshare
DoKscho,businessinsider
AlexBoeroOff,Clubic
AstrosAngel10,MiamisDopeGirl
Lucyincanada,JSadikKhan
Wightas,JSadikKhan
Debstarsxx,UberUKsupport
TobyWallwork,LDouglasESQ
TobyWallwork,Uber
TobyWallwork,Uber_Support
TobyWallwork,jump_rides
TobyWallwork,BirdRide
TobyWallwork,limebike
carlosavilaGM,Gacetinmadrid
carlosavilaGM,Uber_ES
parismarx,DavidZipper
SilviaRuetalo,ObservadorUY
ILBicycleLaw,greenfieldjohn
ILBicycleLaw,curbedchicago
ILBicycleLaw,Uber
ILBicycleLaw,JUmp
faraazn,DavidZipper
HoPatrice,TransportsIDF
ktbautista1,streetsblogchi
ktbautista1,Uber
ktbautista1,jump_rides
ktbautista1,lyft
tvanderhaeghen,nypmetro
mattpt55,JSadikKhan
benoit_gregory,EmmanuelSPV
benoit_gregory,JGBONTINCK
benoit_gregory,tverstrepen
ClaytonGuse,ydanis
gavinlohry,sfexaminer
danychaconarias,JSadikKhan
LegalRideshare,verge
LegalRideshare,andyjayhawk
agurnar,limebike
nelbro,FlashTweet
spickett78,bikesnobnyc
CardifLab,FlashTweet
ardelasancha,JSadikKhan
yourboysameer,ntdillon
starIet,cmcampbell6
KatarzynaMoritz,UberFR
jostehlin,Econ_Marshall
jostehlin,artgoldhammer
E_Patinetero,GasSalamanca
rosie_bo,CitiBikeNYC
paully65,Uber_Support
paully65,dkhos
gloriaminott,postlocal
CFStartupEvents,Uber
YoungOpulence,CNBC
YoungOpulence,dkhos
YoungOpulence,Uber
JosephBarerra,finefilthh
MetroFocus,CitiBikeNYC
jgionova,cahulaan
carminemac,srahrman
ZachKlempf,ntdillon
LREwoke,CandidCarolyn
LREwoke,1971debbie
LREwoke,KatieWood42
LREwoke,ThomasKlineMD
LREwoke,DeptVetAffairs
swomptalk,TonyAttrino
swomptalk,Uber
MayUseFullLane,aaronmfisher
MayUseFullLane,jump_rides
dmarcinkowski_,Uber
dmarcinkowski_,jump_rides
films7,BoyMarais
films7,EmmanuelSPV
RomaTorreNYC,NY1
asifnshah,JSadikKhan
thblomme,Uber
ParkingQueens,MikeSharkey_
ParkingQueens,Laurajaxheights
ParkingQueens,CitiBikeNYC
ParkingQueens,FordGoBike
jmklopp1,DavidZipper
arqoctaviofh,fernandograham
amine8012,UberFR
paula_benway,JSadikKhan
BetweenTheWords,JSadikKhan
PeterSaccoDC,Uber
PeterSaccoDC,PoPville
PeterSaccoDC,Uber_Support
eddydubai,verge
Cityclecom,pressecitron
jtokyolife,elpais_economia
APPLobby,JSadikKhan
RudolphSlim,bikesnobnyc
ParkingQueens,JohnSurico
BornAgain290505,chrisbx
BornAgain290505,LesEchos
tverstrepen,JGBONTINCK
greenfieldjohn,andrewdeandrade
1st04Bravo,AOC
DudeBigdaddy,le_Parisien
PaulABarter,DavidZipper
nealkwatra,sethmpk
CalinRoman3,TashaARK
CalinRoman3,skorusARK
ckwitt3,ntdillon
vinbarone,CitiBikeNYC
G_Hugues,Uber
vinceA2P,Challenges
kiskyface,wtopclabaugh
kiskyface,WTOP
kiskyface,DDOTDC
kiskyface,Uber
kiskyface,jump_rides
kiskyface,amaxsmith
AustinTobak,verge
quentindelas,UberFR
g_malfait,UberFR
PattieBaker,JSadikKhan
efwjames,faizsays
dougr188,JSadikKhan
californianita,fernandograham
DougGately,sara_weddle
peterkhayes,FordGoBike
quintonboudwin,WilliamTurton
belmore_bruce,JSadikKhan
carolinesampo,nohwear
carolinesampo,alana_miller13
carolinesampo,lyft
yayel,fernandograham
CarmenSanCarlos,ManuelaCarmena
CarmenSanCarlos,Uber
swomptalk,quickdrawartist
swomptalk,Uber
LDouglasESQ,Uber
ABoudet,Lelievre_Adrien
jen_keesmaat,JSadikKhan
OarabileMkanda4,viewingnyc
alicekorngold,CitiBikeNYC
R_Pucha,Lelievre_Adrien
byLorenaBlas,wjz
Ms_BiAnCa_BiSa,T0ny_T0Ni_T0ne
LaurenceBLESTEL,jyguerin
plitter,vinbarone
Streamlab_za,bjeaglefeather
oneflores,JSadikKhan
AngelaLiu999,ntdillon
Jay51360113,SierraClub
Jay51360113,RashidaTlaib
Jay51360113,RepRashida
Jay51360113,Chase
Jay51360113,BankofAmerica
Jay51360113,Citi
_jtwalsh,Uber
ClassiMacGruber,LaurenShehadi
Risar_,ntdillon
EraserBud,ScootieGang
EraserBud,jump_rides
EraserBud,Uber
EraserBud,jump_rides
Hotblack42,JSadikKhan
pjar786,nytimes
tijmendegelder,ntdillon
juaninQNS,CitiBikeNYC
catajc,fernandograham
lolaruizgarrido,JSadikKhan
sweetfacedinero,bastylefilegirl
RamonGlezUr,fernandograham
SolynaBlog,UberFR
cmcampbell6,aliknez
cmcampbell6,cmcampbell6
FranceToday,Uber
archiecoder,EdwardSkrod
AndrewAPrice,JSadikKhan
Marjochka,Jamal_ELH
willsweeney,JSadikKhan
JanetRWojcikPhD,JSadikKhan
JeremyPgt,AnneLaureBanse
122294m040,NaomiHollywood
DNMProject,CNBC
soylalo,JSadikKhan
kevinbryantlou,ntdillon
diegoeggermont,i_verderesi
galeabrewer,mancb10
nicolas_picand,CB_News
SabrinaLeruez,Jamal_ELH
SabrinaLeruez,journaldunet
NYCNavid,CityAndStateNY
UberFR_support,_Dam_Sk
AlexAbauzit,bifrance
EmenoguGd,statesman
sandeepvaheesan,Econ_Marshall
aaronmfisher,MayUseFullLane
A_W_Gordon,vinbarone
films7,DamienMorka
films7,hmazoyer
films7,bbhqhqq
films7,fabientod
films7,BoyMarais
films7,bo56391028
films7,ololo_velib
films7,florentJRG
films7,painrisien
films7,raphoun
MikeMadden,faizsays
CJT0427,thewillwitt
r_fung,ntdillon
sharrowsDC,StreetsblogNYC
sharrowsDC,CitiBikeNYC
nicochagny,IsabelleRnrd
nicochagny,CB_News
thechrisgold,JustinBrannan
try_Tandem,elpais_economia
blainehudson,ntdillon
NY1,CitiBikeNYC
benoit_gregory,AnneLaureBanse
MNStrom,verge
ElrondBurrell,JSadikKhan
nyctaxinews,nypmetro
TorresMMariana,JSadikKhan
x_Kristyy,blackflamingo17
dimdamdomben,rukes
crewislife,nytimes
FlorenceHis,Coach4ppol
FlorenceHis,expansioncom
hostingradar_,hostingradar_
lladkins,DCist
DFWStartupScene,CFStartupEvents
DFWStartupScene,Uber
ParkingQueens,TransitNinja205
FNSiete,ReasonWhy
nicolaslem1,ntdillon
RosLina61572156,igor_os777
LeavSteinberg,klnynews
LeavSteinberg,NYDailyNews
SUGARTHEGIRL,nypost
LesleyP4T,TransportsIDF
eangel427,WJZDevin
eangel427,Uber
Preko2009,AnneLaureBanse
Patrick44468922,KGxJester
tuckerhimself,jump_rides
tuckerhimself,Uber
Fnodelanglois,jyguerin
dareelmikescott,TheCousinSal
films7,BoyMarais
films7,painrisien
films7,raphoun
films7,hmazoyer
films7,angelinemontoya
films7,HappyEmile
films7,Fatallitas
films7,DamienMorka
films7,Grizzlydz93
aamineberrada,UberFR
dantelex,ntdillon
dodaistewart,nytimes
cindy176,LesJohnsonHrvat
cindy176,samj_day
dwogsi,JournalDuGeek
Jose_virushadow,motorpasion
sretsoK,bikesnobnyc
cwillott,Brian_Alford
cwillott,CharlottaDupont
cwillott,SusanSolomon
cwillott,kenvogel
cwillott,BernieSanders
cwillott,amprog
cwillott,CAPAction
cwillott,SenSanders
autofacil,Uber_ES
ParkingQueens,BrooklynSpoke
ParkingQueens,vinbarone
marylinefsx,LUsineDigitale
wizzzardtweets,StreetsblogNYC
wizzzardtweets,Uber
wizzzardtweets,lyft
wizzzardtweets,CitiBikeNYC
wizzzardtweets,jump_rides
baltfishbowl,jump_rides
films7,Velib
films7,bbhqhqq
films7,DamienMorka
films7,ololo_velib
films7,BoyMarais
films7,painrisien
films7,raphoun
films7,hmazoyer
films7,angelinemontoya
films7,HappyEmile
cass_fratacci,lemondefr
316taxi,TaddyDobbins
316taxi,Uber
Prof_Bruckner,BrooklynSpoke
NWBkyln,JSadikKhan
LenaCorot,LUsineDigitale
Ans666888,motorpasion
FredericIseg,IsabelleRnrd
FredericIseg,CB_News
dharmeshkakadia,ntdillon
sheeter,washingtonpost
benoit_gregory,LionelDurel
ooneepod,TheJakeSchmidt
ooneepod,CoreyinNYC
ooneepod,NYC_DOT
ooneepod,ooneepod
chasestubb,dmitry140
benoit_gregory,jpblog_techno
benoit_gregory,scoopit
benoit_gregory,Zehub
LaunchDFW,CFStartupEvents
LaunchDFW,Uber
ezradf,bikepedantic
ezradf,sharrowsDC
sbr9,JSadikKhan
YoMismaAM,AVRetiroNorte
matt_briseno,GetAroundSac
matt_briseno,jump_rides
marcelemoran,michalnaka
TashaARK,skorusARK
beneladj,googlenews
biocorsario,AVRetiroNorte
benjamin_mrtn,Uber
QBareille,TransportsIDF
IkeErhabor,JSadikKhan
gadurany,engadget
Renao8,xataka
fatima___khann,thenotebookpk
fatima___khann,AHathawayNews
ManelFerri,JSadikKhan
MRC_SLC,JSadikKhan
bbbcccnnn,voz_populi
bbbcccnnn,AlberSanzz
TheJakeSchmidt,CoreyinNYC
TheJakeSchmidt,NYC_DOT
TheJakeSchmidt,ooneepod
TickleMEArri,MoiseNoise
brianvan,richmintz
brianvan,brianvan
brianvan,armenoush_nyc
brianvan,ReuvenFen
brianvan,AaronFeis
StreetsblogLA,JSadikKhan
diafol1,JSadikKhan
glenn_a_allen,bikenewyork
glenn_a_allen,lyft
C_GardnerNYC,JSadikKhan
phscoop,luzcita
sebasg16,JSadikKhan
nycstud74,Granosx
nycstud74,NBASTORE
bikejc,CitiBikeNYC
lrubenft,CitiBikeNYC
arcktip,ryrzny
rudradalmia,r0h1n
sheeter,washingtonpost
SpainBusinessVe,exp_edigital
SpainBusinessVe,mrtjuste
ashtrix29,r0h1n
gillibits,sfexaminer
AnthonyJoyner44,businessinsider
swamprabbitcafe,JSadikKhan
KajEmbren,washingtonpost
joshsteich,DavidZipper
edd1e_h,JSadikKhan
karunspeak,GrabSG
PaulBFit,ulif
PaulBFit,granfondony
TalkingScars,Autotestdrivers
PaulJoyes,UberFR
soffy_dumont,FranceToday
soffy_dumont,Uber
srubenfeld,Gothamist
AllieTheEditor,Uber_Support
hedvig_lindahl,UberUK
hedvig_lindahl,Uber
supluis,fernandograham
RSharp20,JSadikKhan
mikecanone,lemondefr
manualofideas,ntdillon
renodane,JSadikKhan
_DivideXZero,SeanWalcott
HillonQueen,JSadikKhan
DC_DFHV,DC_DFHV
jmargolis88,jump_rides
jmargolis88,Uber
ParkingQueens,ShabazzStuart
ParkingQueens,LAShepard221
ParkingQueens,ooneepod
ParkingQueens,CitiBikeNYC
66owls,Uber
Donkey_Hoty,JSadikKhan
leandredacosta,FlashTweet
hfthompson_,JSadikKhan
aaroninbrooklyn,JSadikKhan
0MikeJamesSmith,faizsays
Agence_Leon,Jamal_ELH
blastphemist,Econ_Marshall
Chasing_Visions,businessinsider
kimerlyus,nytimes
benoit_gregory,20minutesparis
B_Lambert75,C_Najdovski
StreetsblogNYC,CitiBikeNYC
StreetsblogNYC,GershKuntzman
DanEunson,squawkbox
DanEunson,sensiblestu
rm1268,CitiBikeNYC
iMDRW,sethmpk
Johningestre,elpaisinenglish
prisaf,JSadikKhan
z_a_c_h_k_a_t_z,JSadikKhan
qqvillalobos,AVRetiroNorte
masakomaman,lemondefr
TanyaSoman,ntdillon
wizzzardtweets,faizsays
medithroll,gabrielazevedo
medithroll,jump_rides
WTOP,wtopclabaugh
WTOP,DDOTDC
WTOP,Uber
WTOP,jump_rides
WTOP,amaxsmith
WTOP,WTOP
greenfieldjohn,curbedchicago
greenfieldjohn,Uber
greenfieldjohn,JUmp
Valouu19,IsabelleRnrd
Valouu19,CB_News
benoit_gregory,DCist
patrickstal,Uber
patrickstal,jump_rides
andrewpwelch,JSadikKhan
mmaduraas,Capinha31
RobSellig,LNightbot
AntoineSurville,LUsineDigitale
jmassengale,vinbarone
Bicitekas,fernandograham
okassim,ntdillon
GordonAChaffin,faizsays
TomStock1,lcc_licensing
isipma,LUsineDigitale
vhuguet,UberFR
TherionReport,Uber
TherionReport,tourdelust
jcguzman24,TheCousinSal
AndreaLearned,JSadikKhan
ksimerly,CitiBikeNYC
jaimicou,fernandograham
BMORE_AMN,wjz
Techchaser,verge
workonline44,workonline44
tommyrulznyc,businessinsider
PatrickCHAHUNE1,le_Parisien
AymPasdutout,guillaumerotrou
AymPasdutout,UberFR
AymPasdutout,Velib
AymPasdutout,smovengo
AymPasdutout,CityscootParis
FitzTheReporter,sfexaminer
lafamillehiphop,swigglaradio
andyfisher3,Uber
norathelostgirl,rachelfaith97
LoicForsner,le_Parisien
Laurent_Bouzon,Lelievre_Adrien
MariaBero,CitiBikeNYC
EmmanuelVitte,LUsineDigitale
camigom17,JSadikKhan
SMSpoke,JSadikKhan
grimz,JSadikKhan
Nevill19978474,nytimes
Patrice_Wolff,Jamal_ELH
SandrineSCC,Digitaly_FR
_KennyUong_,JSadikKhan
Maison_Lewis,TheLocalFrance
GetConnectedNow,verge
AnisAbidi83,JournalDuGeek
rustybroo,TashaARK
rustybroo,skorusARK
ikaikahussey,DavidZipper
alexferfe,alexferfe
zape2014,Uber_ES
sitahyderabadi,JSadikKhan
EmmLou56,FranceToday
EmmLou56,Uber
TessyBritton,JSadikKhan
Darren_in_Vegas,MisophonicSpree
mmarginet,JSadikKhan
HunterHudson266,rottentexan
Emilia06527352,AVRetiroNorte
Emilia06527352,Uber_ES
Emilia06527352,jump_rides
MaxMBerger,ntdillon
BrianLeddin,JSadikKhan
thejoelepstein,StreetsblogNYC
thejoelepstein,CitiBikeNYC
benoit_gregory,DCist
DjaidaouiKamal,lemondefr
SWEETNLOMAN,CHARBAR
ranumpowerplay,nypost
NiggaTheory,srahrman
ChrispLOL,JSadikKhan
TerryCookeHCF,JSadikKhan
slk8500,rubenmooijman
films7,bbhqhqq
films7,BoyMarais
films7,bo56391028
films7,ololo_velib
films7,florentJRG
films7,painrisien
films7,raphoun
films7,hmazoyer
films7,angelinemontoya
richmintz,Fresh_Kermit
richmintz,armenoush_nyc
GreillyPost,nytimes
ni_cohol,subversifperrin
SanseEquo,elpais_economia
KrlsKrts,JSadikKhan
LeoNayfeld,tuckerhimself
LeoNayfeld,jump_rides
LeoNayfeld,Uber
LeoNayfeld,PoPville
penna_gustavo,gabrielazevedo
penna_gustavo,jump_rides
penna_gustavo,Uber
niyexx,nytimes
SevenEagleStars,cmcampbell6
arqfuentesmago,fernandograham
drivingmzstacey,chd
drivingmzstacey,karaswisher
drivingmzstacey,jump_rides
theoverheadwire,StreetsblogNYC
ivansanse,SanseEquo
ivansanse,elpais_economia
mikepaulmurphy,JSadikKhan
asusanstraus,CorboyDemetrio
SweetAndTender_,JSadikKhan
E_Patinetero,Highmotor
DavidKM,JSadikKhan
Brian_Alford,CharlottaDupont
Brian_Alford,SusanSolomon
Brian_Alford,kenvogel
Brian_Alford,BernieSanders
Brian_Alford,amprog
Brian_Alford,CAPAction
Brian_Alford,SenSanders
Lukasz_Malin,JSadikKhan
InesEbagnitchie,UberFR
JonGlasco,JSadikKhan
Vision_Hero,bikenewyork
LeavSteinberg,amNewYork
BoastCapital,ntdillon
benoit_gregory,chrisbx
champers84,TaxiGary1
champers84,ClaireBates_
champers84,Anthony23Bryant
champers84,Uber
josecarlos_85,AdLawFirm
i3steban,fernandograham
SQAttorneys,nytimes
dianalouzado,tbastiao23
b_fung,faizsays
felipecn,JSadikKhan
Marcdelataille,LUsineDigitale
Litigady,JKintz
Litigady,jump_rides
Litigady,Uber
StreetsblogCal,GetAroundSac
EmmanuelSPV,nytimes
Mateoinsf,supermarke
Mateoinsf,mrowlitor
RobinsonBenP,daveg
thelowedown,andyjayhawk
AndrewGiambrone,CurbedDC
MoFloMoJo,theretroviking
MoFloMoJo,Willie_Fleming
MoFloMoJo,ashleybesslane
MoFloMoJo,vonny_bravo
Perlenco,genbeta
_DanielSinclair,michalnaka
jpblog_techno,scoopit
jpblog_techno,Zehub
loulsk,ntdillon
eleazarsantos,elpais_economia
Quan,JSadikKhan
RoniDulberg,DavidZipper
ayindolmah,JSadikKhan
QuietMONEYYY,TheCousinSal
BrookTaylorCA,Uber
LourdesBarbaraF,elpaisinenglish
benoit_gregory,tverstrepen
benoit_gregory,JGBONTINCK
ClaraBrenot,UberFR
Driggs16DC,JSadikKhan
B_Willroth,JSadikKhan
Liammch12,verge
futureworzel,JSadikKhan
robertoguzmanf,JSadikKhan
Infrastructor,JSadikKhan
lesgensgentils,AnneLaureBanse
benoit_gregory,ParisEnVoiture
TechmemeChatter,AsherDeMontreal
Astr0b0y8,JSadikKhan
attykmw1,elpaisinenglish
makefinestories,faizsays
carmensolisdom,fernandograham
bikejc,bikenewyork
nealkwatra,klnynews
nealkwatra,NYDailyNews
stylesofcali,DanAndShay
TheHealthEnv,CB_News
greenfieldjohn,Uber
greenfieldjohn,jump_rides
judyjchapa,CitiBikeNYC
GrimpeurBros,JSadikKhan
EricMcClureBK,jonorcutt
EricMcClureBK,carolinesampo
EricMcClureBK,JSadikKhan
EricMcClureBK,kfillinyeh
EricMcClureBK,danisimons
EricMcClureBK,PSteely
EricMcClureBK,BrooklynSpoke
dream_king,CitiBikeNYC
BoyMarais,TretornEdgar
tonybgoode,JSadikKhan
JocCarlosHuezca,fernandograham
alter_nico619,ntdillon
kristinmusulin,faizsays
miriamprieto,exp_edigital
miriamprieto,mrtjuste
greenfieldjohn,andrewdeandrade
6tRecherche,stvnsnthn
tbush,ntdillon
sharrowsDC,faizsays
thenick1222,Uber
mizmarymac,bikenewyork
mizmarymac,lyft
AaronMNathan,asymco
AaronMNathan,jump_rides
sidoniesawyer,TheLocalFrance
eltaxideandres,AVRetiroNorte
Avrg_Geek,r0h1n
thevergelight,verge
deeptiadlakha,JSadikKhan
glenn_a_allen,verge
voz_populi,AlberSanzz
wuestney,JSadikKhan
OviedoFelipe,JSadikKhan
AdrianFieldNZ,JSadikKhan
UbiLibertas,AlexFreisinger
UbiLibertas,ZynAltruist
UbiLibertas,AndreaNahlesSPD
VictorSharma12,ReggieVaitz
VictorSharma12,ABC7NY
VictorSharma12,NBCNewYork
VictorSharma12,NY1
VictorSharma12,fox5ny
kaiowut99,sethmpk
AndrewGiambrone,klnynews
AndrewGiambrone,NYDailyNews
y_ramanzin,i_verderesi
SeanMCzarnecki,MikeIsaac
SeanMCzarnecki,Bro_Pair
pieinggg,JSadikKhan
Ccc13Sarah,JSadikKhan
MyrathePigeon,CitiBikeNYC
AlexJamesFitz,andyjayhawk
Ollie_Cycles,Andres4Seattle
chuckpackwood,Pollux2789
chuckpackwood,uber_jedi
ricardopabon,ReasonWhy
PCANcities,TheSocBiz
SxB200,rmchase
SxB200,carltonreid
SxB200,jump_rides
YohanBenard,UberFR
tverstrepen,michalnaka
s4xton,faizsays
cbultel_agence,AvereFrance
cbultel_agence,UberFR
javiersalinas,CitiBikeNYC
Raphvcl,JSadikKhan
dahvnyc,vinbarone
abhrrocks,JSadikKhan
IDNYC,CitiBikeNYC
davidgcalvert,CitiBikeNYC
FMSupreme,Uber
haidycity,JSadikKhan
rishmishra,michalnaka
isaduvelo,Lelievre_Adrien
isaduvelo,jump_rides
JaimeFraser,JSadikKhan
ChrisRieth,JSadikKhan
aymanfadel,srahrman
PhilipThalis,JSadikKhan
michelletandler,ntdillon
firstkaransingh,r0h1n
CCornFlakkes,QuotiGeek
CCornFlakkes,UberFR
phscoop,postlocal
kevinmcashman,Econ_Marshall
iansdonnelly,elpaisinenglish
bgrassl15,TheCousinSal
morgfair,nytimes
Gacetinmadrid,Uber_ES
josephtravers,JSadikKhan
benoit_gregory,jyguerin
BoudewijnC,JSadikKhan
DriveQuant,Uber
earemu,ntdillon
UberBirmingham2,verge
robleamusic,robleamusic
streetsblogchi,Uber
streetsblogchi,jump_rides
streetsblogchi,curbedchicago
bfurnas,CitiBikeNYC
emajuan,JSadikKhan
browfromboston,nypmetro
JSheehanDC,tuckerhimself
JSheehanDC,jump_rides
JSheehanDC,Uber
sotrueradio,nytimes
louis_valli,escoot_bike
nycjim,amNewYork
GordonAChaffin,luzcita
collenbe,JSadikKhan
ZackShapiro,devonzuegel
ZackShapiro,ptraughber
LL_ALHARR,JSadikKhan
palecanda,TechCrunch
MaryBethIkard,JSadikKhan
Helenn_baby,AustinMcbroom
NEQueensNY,CurbedNY
hup333,verge
UniElectrica,Uber
MyrathePigeon,JSadikKhan
YannLeGales,bifrance
Robbarnes009,Spiceboytrucker
cycloxoxford,JSadikKhan
sokane1,vinbarone
RaginCajun111,JSadikKhan
darixzen,JSadikKhan
NWBkyln,BrooklynSpoke
agusto19,JSadikKhan
KajEmbren,KajEmbren
KajEmbren,washingtonpost
ACTExpo,CubicTS
TechAggreg,TechCrunch
cuberti,JSadikKhan
AnisAbidi83,LUsineDigitale
trixywh,fox5ny
_andridri,Uber
_andridri,jump_rides
JennyKessKlump,Uber
shashibk,JSadikKhan
fgranadosfranco,JSadikKhan
itarjan,nytimes
wardFORbikes,JSadikKhan
jessicaroberts,verge
geekman264,JournalDuGeek
InspireBelieve4,CNBC
DanielSigal,MonkeyOption
DanielSigal,scheplick
patrickmorgan,mjsqu
patrickmorgan,FlamingoScooter
patrickmorgan,jump_rides
patrickmorgan,Uber_NZ
diftong2,Zerf51
diftong2,KeenAsMustard_
diftong2,briceperrin
diftong2,fafamars
diftong2,homecinema94
diftong2,AupresDeMaSelle
diftong2,panjidrama
diftong2,DeufleMagnifik
carolinesampo,JSadikKhan
stephenhodgeaus,JSadikKhan
MayneKevin,JSadikKhan
adnancangir,JSadikKhan
LeoniaBatlan,CitiBikeNYC
shana_johnson,JSadikKhan
ValentinJuilla2,B_Lambert75
ValentinJuilla2,C_Najdovski
Xristos10818751,elpaisinenglish
mnolangray,googlemaps
StoreFrontExp,JSadikKhan
LeJT_tf1_lci,LCI
MGanc,JSadikKhan
marcelsparkle48,UberFR
sherkhantx,dmitry140
Kantrowitz,WilliamTurton
